net,length_um
count.reset,3598.28
net56,1786.68
net246,1568.74
net218,1553.44
net229,1548.08
net221,1513.74
net226,1513.3
net224,1510.48
net228,1510.1
net225,1507.76
net219,1507.24
net247,1507.06
net222,1506.9
net232,1506.74
net227,1505.82
net220,1505.78
net233,1505.58
net223,1504.78
net230,1502.6
net231,1501.86
net238,1501.04
net243,1500.68
net236,1500.34
net244,1500
net239,1499.84
net241,1499.77
net242,1499.66
net234,1499.56
net235,1498.42
net240,1498.24
net237,1498.06
net245,1498.02
net248,1443.5
net217,1307.22
net215,1018.24
net216,874.42
net1275,831.98
net57,819.12
net138,809.95
net137,755.08
net139,751.66
net136,745.21
net135,697.68
net66,678.1
net875,662.44
net149,656.17
net134,655.64
net20,633.92
net851,630.59
net148,620.985
net866,616.46
net939,602.28
net162,601.36
net140,600.96
net161,590.54
net861,590.18
net54,584.76
net830,583.4
net897,582.43
net150,555.1
net53,553.74
net160,552.9
net752,551.98
net52,546.24
net841,520.62
net33,518.34
net213,514.58
net44,508.34
net50,507.7
net55,504.8
net58,502.04
net59,500.28
net676,492.84
net159,490.78
net60,490.56
net51,490.46
net979,490.18
net944,489.92
net147,489.75
net35,485.82
net61,482.96
net974,482.82
net963,479.58
net151,478.68
net49,478.5
net1,475.38
net62,470.8
net48,469.72
net957,468.64
net687,466.14
clknet_0_count.clk,464.85
net12,462.94
net63,462
net461,462
net922,460.04
net918,458.84
net622,455.24
net47,454.88
net696,454.7
net158,452
net42,450.34
net952,449.16
net23,448.48
net41,446.68
count.clk,446.08
net836,444.12
net846,444.1
net64,443.3
net625,442.74
net991,442.56
net927,441.28
net46,440.7
net892,438.83
net1340,438.18
net152,436.26
net985,435.2
net968,434.92
net34,432.6
net39,428.14
net26,427.88
net45,427.12
net36,427.06
net43,423.9
net37,423.88
net141,423.78
net38,422.96
net628,422.82
net40,420.26
net631,418.72
_091_,418.14
net856,415.32
net202,413.795
net27,412.9
net209,397.56
net9,397.34
net28,397.1
net3,395.535
net710,394.66
net658,391.62
net153,390.38
net157,390.32
net640,389.98
net462,385.275
net871,380.04
net1197,378.775
net740,378.58
net29,378.56
net10,375.06
net826,370.4
net907,369.72
net30,365.86
net156,365.32
net31,364.4
net888,356.36
net700,356.2
net6,354.22
net5,353.1
net32,350.58
net11,350.46
net684,350.28
net681,349.68
net662,348.78
net885,348.6
net2,348.12
net7,347.8
net8,347.52
net459,345.78
net707,345
net703,344.68
net4,344.24
net259,343.135
net197,342.2
net734,341.38
net13,338.32
net1249,336
net1006,331.135
net722,330.46
net146,329.74
net14,328.2
net1110,319.34
net195,316.515
net154,313.02
net716,309.88
net646,309.78
net101,309.66
net22,309.2
net746,309.04
net17,308.86
net21,308.08
net15,307.68
net634,306.82
net201,304.69
net16,303.14
net18,298.96
net692,298.86
net643,297.48
net912,296.98
net728,294.72
net19,293.48
net1242,280.8
net456,276.06
_129_,275.9
net196,275.16
net1033,269.77
net155,267.43
net144,266.48
net463,265.51
net933,264.33
net133,263.96
net997,260.34
net142,258.88
net1132,258.58
clknet_3_6_0_count.clk,256.82
net1106,246.72
net672,242.04
net1372,241.64
net207,237.22
net208,227.68
net466,224.36
net464,221.15
clknet_3_0_0_count.clk,203.7
net1026,199.38
net145,197.16
_156_,196.42
_279_,195.86
net530,193.68
clknet_3_2_0_count.clk,192.29
net212,190.135
net254,187.35
net194,185.625
net881,180.22
_223_,178.12
net1245,177.29
net1258,176.7
net454,173.58
net250,171.06
_030_,170.6
net258,168.86
clknet_3_3_0_count.clk,163.98
net210,163.4
net1246,160.52
_090_,155.88
clknet_3_5_0_count.clk,153.28
net251,150.62
net1262,149.18
net833,149.12
net1051,145.155
_212_,144.08
net653,144.07
net427,142.02
net1253,137.4
net88,135.58
_214_,133.76
_211_,133
net261,132.07
net882,132.06
net260,131.74
net87,128.62
net817,128.56
net903,126.39
clknet_3_7_0_count.clk,124.96
net414,122.4
net423,122.38
net85,122.2
net804,120.4
net654,119.56
net808,119.48
net815,118.82
net206,118.26
net25,117.52
net86,115.3
net526,114.88
net446,113.68
net820,113.46
net200,113.3
net252,113.26
net204,110.2
clknet_3_4_0_count.clk,109.92
net735,106.7
clknet_3_1_0_count.clk,102.54
net199,102.48
net663,100.8
net452,99.24
net65,98.9
net832,97.74
net747,96.26
net198,95.13
net723,92.84
net441,92.36
net1261,91.335
net84,89.74
_155_,89.3
net900,89.115
_263_,88.78
net717,87.9
_107_,85.52
net899,85.22
net256,84.38
_184_,83.88
net205,80.06
wb_clk_i,79.38
_166_,78.82
net1394,78.6
net668,75.46
_105_,74.72
net143,74.69
net203,72.96
net741,70.92
_236_,69.74
net1113,69.72
net81,67.74
net994,66.56
net819,65.58
net831,65.55
net798,64.72
net24,64.5
net818,64.44
net934,64.26
net83,64.16
net1273,63.52
net814,62.52
net1270,61.22
net400,60.92
net1268,60.18
_088_,60.04
net1264,59.78
net1271,58.88
net711,57.82
net419,57.7
net1235,55.25
_171_,54.94
net839,54.76
net82,54.1
net405,53.9
net982,53.18
net669,52.84
net796,52.72
net436,52.64
net1272,50.76
net849,50.7
net971,50.7
net895,50.24
net929,50.24
net685,49.32
net704,49.32
net848,49.2
net890,48.32
_248_,48.3
net987,47.98
net981,47.94
net993,47.94
net988,47.4
net1107,47.2
_256_,47.08
net682,46.94
net886,46.94
net894,46.6
net889,46.14
net708,45.56
net729,45.56
net838,45.22
net1431,44.8
net954,44.68
net693,44.22
net701,43.3
net255,42.5
net698,42.5
net977,42.3
net766,41.16
_093_,41.08
net409,40.56
net946,40.24
net844,39.92
net619,39.78
_270_,39.3
_253_,39.205
net1424,37.92
_277_,37.86
net678,37.56
net1122,37.46
net1163,37.3
net80,36.96
net253,36.48
_198_,36.26
_306_,36.14
net1190,36.065
net827,35.72
_157_,35.48
net908,35.26
_164_,35.14
net1267,34.74
net380,34.12
net915,33.96
net1250,33.7
net873,33.6
_142_,32.34
net1266,32.2
_227_,32.18
net878,32.04
net644,32
net976,31.62
_233_,31.57
_149_,31.3
_301_,31.2
net659,31.2
net797,31.2
net803,31.2
net1269,31.06
net872,30.16
net1034,30.1
_234_,29.77
net753,29.7
_222_,29.58
net1180,28.52
_313_,28.36
_213_,28.28
net495,28.22
net1332,28.02
net214,28
net433,27.92
net674,27.66
net799,27.48
net864,27.1
net1361,26.96
net1080,26.84
net1323,26.68
_188_,26.52
net914,26.52
_185_,26.44
net1157,26.22
net1159,26.22
net1179,26.22
net924,26.18
_229_,25.74
net920,25.3
_108_,25.18
net395,25
wbs_dat_i[25],24.94
wbs_sel_i[0],24.52
net1081,24.38
net78,24.24
_217_,23.96
net970,23.96
net641,23.92
net877,23.92
net1123,23.8
_192_,23.5
net1082,23.46
net89,23.2
net90,23.2
net1116,23.04
net1161,23.04
_307_,22.94
_295_,22.68
net1330,22.12
net869,22.04
_244_,21.2
_273_,21.2
_308_,21.18
wbs_dat_i[29],20.84
_055_,20.8
net1228,20.74
_241_,20.62
net1236,20.56
net163,20.5
_260_,20.46
net174,20.42
net905,20.24
_122_,20.2
net1321,20.2
net1059,20.12
_261_,20
net801,19.86
_288_,19.76
net765,19.64
wbs_dat_i[7],19.5
net442,19.44
_034_,19.42
net909,19.4
net1050,19.4
io_oeb[23],19.38
net1071,19.18
net868,19.08
wbs_sel_i[1],19.04
wbs_sel_i[2],19.04
net757,18.94
wbs_dat_o[23],18.88
net923,18.86
_186_,18.82
wbs_dat_i[24],18.68
_197_,18.58
_139_,18.56
wbs_dat_o[20],18.54
net632,18.48
wbs_dat_o[22],18.08
wbs_dat_o[28],18.08
wbs_dat_o[29],18.08
wbs_sel_i[3],18.08
net1139,18.06
_220_,18.04
_310_,18.04
net647,18.04
wbs_dat_i[20],18
wbs_dat_i[21],18
wbs_dat_i[22],18
wbs_dat_o[24],18
io_oeb[16],17.76
_293_,17.7
wbs_dat_i[23],17.66
wbs_dat_o[21],17.62
wbs_dat_o[27],17.62
net629,17.6
io_oeb[15],17.54
io_oeb[22],17.54
wbs_dat_o[0],17.5
net467,17.36
net497,17.3
wbs_dat_i[28],17.2
_282_,17.18
wbs_dat_i[17],17.16
wbs_dat_o[26],17.16
net635,17.1
_183_,16.85
net440,16.84
wbs_dat_o[25],16.7
_255_,16.6
_238_,16.44
net381,16.38
net800,16.34
net1114,16.3
wbs_dat_i[27],16.28
net604,16.26
wbs_dat_i[18],16.24
wbs_dat_o[6],16.16
_094_,15.98
_135_,15.96
_158_,15.96
wbs_dat_i[11],15.78
io_oeb[20],15.7
io_oeb[21],15.7
io_out[17],15.7
io_out[18],15.7
io_out[21],15.7
wbs_dat_o[16],15.7
wbs_dat_o[17],15.7
wbs_dat_o[18],15.7
wbs_dat_o[19],15.7
_187_,15.64
_210_,15.62
_194_,15.58
_096_,15.52
_225_,15.52
_251_,15.5
_215_,15.48
_285_,15.48
wbs_dat_o[9],15.48
net313,15.48
_204_,15.44
wbs_dat_i[26],15.36
net187,15.36
net67,15.34
net843,15.34
net863,15.3
net1063,15.3
_300_,15.26
net211,15.26
io_oeb[18],15.24
io_out[16],15.24
wbs_dat_i[10],15.24
wbs_dat_i[16],15.24
net351,15.22
net432,15.14
net821,15.14
wbs_dat_o[8],15.02
_049_,15
net637,14.96
_120_,14.92
net75,14.8
net460,14.76
wbs_dat_o[7],14.56
net529,14.56
io_out[20],14.54
net74,14.5
net487,14.46
wbs_dat_i[5],14.44
wbs_dat_i[9],14.44
_160_,14.42
_167_,14.42
net755,14.34
net576,14.12
net904,14.12
_121_,14.08
io_oeb[19],14.08
io_out[19],14.08
_268_,14.06
net730,14
_050_,13.92
_150_,13.92
net1316,13.9
net79,13.66
net70,13.58
net853,13.54
_109_,13.5
wbs_dat_i[8],13.48
net519,13.46
net1243,13.46
_119_,13.4
io_oeb[17],13.4
io_out[15],13.4
net667,13.36
net391,13.32
net284,13.28
net756,13.22
wbs_ack_o,13.18
wbs_dat_o[2],13.18
net92,13.16
net102,13.16
net443,13.16
net493,13.16
_189_,13.13
net182,13.1
wbs_dat_i[14],13.06
wbs_dat_i[1],13.06
net511,13.04
net532,13.04
la_oenb[13],13.01
net183,12.98
net1135,12.96
_290_,12.88
net1028,12.88
net469,12.84
_250_,12.76
_294_,12.76
net360,12.76
wbs_dat_o[15],12.72
wbs_dat_o[4],12.72
wbs_dat_o[5],12.72
_130_,12.7
net523,12.66
_031_,12.62
net277,12.6
net1215,12.58
_289_,12.54
_297_,12.5
net802,12.4
net1008,12.34
_209_,12.3
_258_,12.28
net810,12.28
_029_,12.26
io_out[22],12.24
_111_,12.18
net1147,12.16
net1301,12.16
wbs_dat_i[13],12.14
net180,12.14
net515,12.08
net257,11.96
net812,11.96
net1009,11.92
_165_,11.82
wbs_dat_o[14],11.8
wbs_dat_o[1],11.8
net179,11.8
net338,11.8
net901,11.79
la_oenb[10],11.73
la_oenb[12],11.73
la_oenb[8],11.73
_170_,11.72
net317,11.7
_201_,11.68
net292,11.68
net278,11.68
wbs_cyc_i,11.68
wbs_dat_i[4],11.68
wbs_we_i,11.68
net942,11.66
net110,11.62
net118,11.62
net1192,11.59
net823,11.58
io_out[23],11.56
net822,11.5
net1360,11.5
net396,11.48
net754,11.38
net960,11.38
net1062,11.36
_114_,11.32
net792,11.32
_272_,11.24
net521,11.24
net806,11.24
_267_,11.22
wbs_dat_i[12],11.22
wbs_dat_i[15],11.22
wbs_dat_i[3],11.22
net473,11.2
net937,11.2
_148_,11.16
net188,11.12
net816,11.12
net813,11.04
net947,11.04
net648,11.02
net809,10.92
net1102,10.92
io_oeb[11],10.91
io_oeb[3],10.91
io_oeb[7],10.91
io_out[10],10.91
io_out[14],10.91
io_out[2],10.91
io_out[6],10.91
wbs_dat_o[13],10.88
net178,10.88
_153_,10.86
_179_,10.78
net320,10.78
net270,10.76
net271,10.76
net281,10.76
net282,10.76
net283,10.76
net285,10.76
net286,10.76
net287,10.76
net288,10.76
net289,10.76
net290,10.76
net272,10.76
net291,10.76
net293,10.76
net294,10.76
net295,10.76
net296,10.76
net297,10.76
net298,10.76
net299,10.76
net300,10.76
net273,10.76
net301,10.76
net302,10.76
net274,10.76
net275,10.76
net276,10.76
net279,10.76
net280,10.76
net303,10.76
net304,10.76
net305,10.76
wb_rst_i,10.76
wbs_dat_i[0],10.76
wbs_dat_i[19],10.76
net306,10.76
wbs_stb_i,10.76
_036_,10.72
_311_,10.7
net1244,10.7
_193_,10.66
net1000,10.66
_172_,10.62
net341,10.58
io_oeb[13],10.57
io_oeb[1],10.57
io_oeb[5],10.57
io_oeb[9],10.57
io_out[0],10.57
io_out[12],10.57
io_out[4],10.57
io_out[8],10.57
la_data_in[10],10.57
la_data_in[14],10.57
la_data_in[15],10.57
la_data_in[19],10.57
la_data_in[23],10.57
la_data_in[6],10.57
la_data_in[7],10.57
_262_,10.54
_275_,10.54
_200_,10.5
net1039,10.46
_117_,10.44
net181,10.44
net1005,10.44
_228_,10.435
wbs_dat_o[10],10.42
_163_,10.38
_276_,10.38
_287_,10.32
net355,10.32
net447,10.32
net448,10.32
net1291,10.32
net1295,10.32
wbs_dat_i[2],10.3
wbs_dat_i[6],10.3
_292_,10.28
net93,10.28
net712,10.26
_291_,10.08
net1092,10
net71,9.98
wbs_dat_o[11],9.96
wbs_dat_o[12],9.96
wbs_dat_o[3],9.96
net449,9.94
net184,9.92
net410,9.92
_304_,9.9
net737,9.9
net1128,9.9
io_oeb[2],9.89
la_data_in[12],9.89
la_data_in[13],9.89
la_data_in[16],9.89
la_data_in[8],9.89
la_data_in[9],9.89
la_oenb[16],9.89
la_oenb[20],9.89
net372,9.86
net479,9.86
net481,9.86
net485,9.86
net507,9.86
net626,9.86
_246_,9.82
net164,9.8
net109,9.78
net117,9.78
net346,9.78
net370,9.78
_124_,9.7
net450,9.7
net499,9.62
net1167,9.62
_145_,9.58
net387,9.58
io_oeb[0],9.55
io_oeb[12],9.55
io_oeb[4],9.55
io_oeb[8],9.55
io_out[11],9.55
io_out[3],9.55
io_out[7],9.55
net1048,9.54
net1061,9.54
net1070,9.54
net1004,9.54
_221_,9.52
_207_,9.48
net558,9.48
net390,9.475
_147_,9.44
_123_,9.4
_247_,9.4
net435,9.4
net343,9.36
net936,9.36
net176,9.34
net824,9.32
_235_,9.3
net483,9.28
io_oeb[10],9.21
io_oeb[14],9.21
io_oeb[6],9.21
io_out[13],9.21
io_out[1],9.21
io_out[5],9.21
io_out[9],9.21
la_data_in[25],9.21
net1011,9.12
_283_,9.11
net328,9.08
net859,9.08
net401,9.06
net438,9.06
net489,9.06
net1151,9.02
net496,8.985
net582,8.98
net805,8.98
net1314,8.98
net501,8.94
net505,8.94
net509,8.94
_018_,8.92
net618,8.82
net1089,8.82
_269_,8.76
net425,8.74
io_oeb[28],8.73
net775,8.7
net316,8.66
_205_,8.6
net325,8.6
net513,8.6
_249_,8.56
net650,8.56
_127_,8.54
la_oenb[15],8.53
la_oenb[17],8.53
la_oenb[19],8.53
la_oenb[21],8.53
la_oenb[31],8.53
_089_,8.52
_218_,8.52
_240_,8.5
_177_,8.48
net477,8.48
net1091,8.48
_019_,8.46
net1055,8.46
net190,8.44
net1251,8.4
io_oeb[24],8.39
io_out[27],8.39
net616,8.36
net1342,8.36
_060_,8.16
_264_,8.16
_315_,8.14
net1060,8.14
_271_,8.12
_017_,8.1
_180_,8.1
_239_,8.1
net177,8.1
net421,8.1
net517,8.1
_056_,8.06
_206_,8.06
io_oeb[25],8.05
io_out[28],8.05
net503,8.02
net950,8.02
_159_,7.98
net113,7.94
net115,7.94
net116,7.94
net807,7.94
net1430,7.94
net953,7.91
net347,7.9
net471,7.9
net1010,7.9
net615,7.82
net269,7.81
la_data_in[11],7.81
la_data_in[18],7.81
la_data_in[22],7.81
la_data_in[26],7.81
la_data_in[27],7.81
la_data_in[30],7.81
la_data_in[3],7.81
io_oeb[29],7.71
io_out[24],7.71
net175,7.7
net1354,7.7
net397,7.68
net600,7.68
net1124,7.68
net189,7.66
_004_,7.64
_011_,7.64
_025_,7.64
_195_,7.64
net76,7.64
_208_,7.62
_174_,7.6
_196_,7.6
net95,7.6
net398,7.6
net688,7.6
net858,7.6
net964,7.56
net1016,7.56
net1020,7.56
_008_,7.52
_015_,7.52
net111,7.48
net112,7.48
net949,7.44
net1260,7.42
io_out[25],7.37
net315,7.36
net617,7.36
net437,7.34
net173,7.32
net185,7.24
net852,7.22
net966,7.22
_005_,7.18
_016_,7.18
_020_,7.18
_021_,7.18
_024_,7.18
_054_,7.18
_146_,7.18
_162_,7.18
_176_,7.18
net389,7.18
net732,7.18
_305_,7.14
net731,7.14
net916,7.14
net941,7.14
net308,7.13
net265,7.13
net266,7.13
la_data_in[0],7.13
la_data_in[21],7.13
la_data_in[29],7.13
la_data_in[4],7.13
la_oenb[0],7.13
la_oenb[14],7.13
la_oenb[18],7.13
la_oenb[22],7.13
la_oenb[24],7.13
la_oenb[26],7.13
la_oenb[28],7.13
la_oenb[2],7.13
la_oenb[4],7.13
la_oenb[6],7.13
net307,7.13
_245_,7.12
_009_,7.1
_043_,7.1
_284_,7.1
net491,7.1
net743,7.1
_010_,7.08
_181_,7.08
_007_,7.06
_061_,7.06
_243_,7.06
net363,7.06
net535,7.06
net538,7.06
net571,7.06
net689,7.06
_033_,7.04
io_oeb[26],7.03
io_oeb[27],7.03
io_out[29],7.03
_113_,7
_190_,6.98
net1143,6.98
net399,6.9
net776,6.9
net777,6.9
net778,6.9
net785,6.9
net786,6.9
net795,6.9
net1094,6.9
net1211,6.9
net1014,6.78
_199_,6.76
net165,6.76
net311,6.76
net349,6.76
net531,6.76
net1296,6.76
net1297,6.76
_022_,6.72
_023_,6.72
_027_,6.72
_044_,6.72
_140_,6.72
net98,6.72
net100,6.72
net358,6.72
net416,6.72
net750,6.72
net789,6.72
net1108,6.72
net1282,6.72
io_out[26],6.69
net512,6.645
_104_,6.64
_298_,6.64
net336,6.6
net385,6.6
net550,6.6
net574,6.6
la_data_in[17],6.45
la_data_in[1],6.45
la_data_in[20],6.45
la_data_in[24],6.45
la_data_in[28],6.45
la_data_in[5],6.45
la_oenb[30],6.45
net1255,6.4
_106_,6.38
net345,6.32
net1341,6.32
_042_,6.3
_231_,6.3
net318,6.3
net331,6.3
net1013,6.3
net1247,6.3
net670,6.29
_191_,6.28
net169,6.28
_012_,6.26
_137_,6.26
net742,6.26
net1131,6.26
net1257,6.26
net1359,6.26
net394,6.18
net887,6.18
net767,6.14
net263,6.11
net268,6.11
_254_,6.1
_265_,6.06
_058_,5.98
net498,5.965
net314,5.96
_097_,5.86
net1088,5.86
net1090,5.86
net690,5.84
net958,5.84
net969,5.84
net975,5.84
net1117,5.84
net1172,5.84
_048_,5.82
_039_,5.8
net69,5.8
net679,5.8
net854,5.8
net961,5.8
net264,5.77
net309,5.77
net310,5.77
net267,5.77
la_data_in[2],5.77
la_data_in[31],5.77
la_oenb[11],5.77
la_oenb[1],5.77
la_oenb[23],5.77
la_oenb[25],5.77
la_oenb[27],5.77
la_oenb[29],5.77
la_oenb[3],5.77
la_oenb[5],5.77
la_oenb[7],5.77
la_oenb[9],5.77
net262,5.77
_001_,5.72
_143_,5.72
net588,5.72
net1203,5.72
_309_,5.68
net375,5.68
net562,5.68
net580,5.68
net1426,5.68
net1165,5.6
_051_,5.595
net475,5.52
net768,5.52
net1083,5.52
net1085,5.52
net587,5.48
net590,5.48
_242_,5.44
net431,5.4
net1098,5.4
_000_,5.38
_014_,5.38
_041_,5.38
net166,5.38
net186,5.38
net429,5.38
net430,5.38
net791,5.38
net829,5.38
net837,5.38
net842,5.38
net865,5.38
net1054,5.38
net1202,5.38
net1239,5.38
net1400,5.38
net1403,5.38
_026_,5.34
_040_,5.34
_303_,5.34
net73,5.34
net94,5.34
net332,5.34
net373,5.34
net660,5.34
net945,5.34
net1185,5.34
net1263,5.34
net1265,5.34
net1432,5.34
net1435,5.34
net706,5.26
net725,5.26
net758,5.26
net930,5.26
net992,5.26
net362,5.22
net543,5.22
net549,5.22
net695,5.22
net938,5.22
_226_,5.16
net718,5.12
net724,5.06
net762,5.06
net1064,5.06
net1240,5.06
net1152,5.04
net599,5.02
net91,4.94
_002_,4.92
_035_,4.92
_072_,4.92
_081_,4.92
_168_,4.92
net72,4.92
net170,4.92
net191,4.92
net319,4.92
net335,4.92
net595,4.92
net781,4.92
net972,4.92
net1049,4.92
net1043,4.92
net1205,4.92
net1216,4.92
net1227,4.92
net1254,4.92
net1311,4.92
net1417,4.92
_059_,4.9
_314_,4.9
_038_,4.88
_152_,4.88
net96,4.88
net324,4.88
net357,4.88
net406,4.88
net606,4.88
net671,4.88
net973,4.88
net1025,4.88
net1194,4.88
net1199,4.88
net1412,4.88
net893,4.82
_077_,4.8
_110_,4.8
net415,4.8
net527,4.8
net840,4.8
net943,4.8
net1231,4.8
net1287,4.8
_134_,4.78
_182_,4.76
net570,4.76
net601,4.76
net612,4.76
net845,4.76
net334,4.68
net1232,4.68
net476,4.675
net482,4.675
net492,4.675
_046_,4.6
net759,4.6
net986,4.6
net1087,4.6
net457,4.505
_099_,4.48
net1145,4.48
_087_,4.46
_102_,4.46
_224_,4.46
_286_,4.46
net168,4.46
net353,4.46
net465,4.46
net638,4.46
net763,4.46
net769,4.46
net773,4.46
net774,4.46
net790,4.46
net867,4.46
net911,4.46
net913,4.46
net919,4.46
net935,4.46
net956,4.46
net962,4.46
net978,4.46
net1017,4.46
net1140,4.46
net1032,4.46
net1154,4.46
net1209,4.46
net1220,4.46
net1286,4.46
net1339,4.46
net1347,4.46
_003_,4.42
_013_,4.42
_045_,4.42
_057_,4.42
_154_,4.42
_216_,4.42
_274_,4.42
net68,4.42
net77,4.42
net417,4.42
net537,4.42
net544,4.42
net567,4.42
net585,4.42
net694,4.42
net794,4.42
net1127,4.42
net1134,4.42
net1136,4.42
net1146,4.42
net1162,4.42
net1129,4.42
net1153,4.42
net1363,4.42
net1401,4.42
net883,4.35
_082_,4.34
net365,4.34
net378,4.34
net609,4.34
net709,4.34
net996,4.34
net1149,4.34
net494,4.255
_063_,4.14
net594,4.14
net1148,4.14
net1041,4.14
net1376,4.14
net536,4.1
net557,4.1
net560,4.1
net566,4.1
net569,4.1
net578,4.1
net593,4.1
net602,4.1
net835,4.08
net891,4.08
net472,4.02
_028_,4
_132_,4
_161_,4
_175_,4
_316_,4
net193,4
net333,4
net359,4
net367,4
net371,4
net564,4
net751,4
net855,4
net857,4
net896,4
net955,4
net965,4
net1133,4
net1075,4
net1095,4
net1181,4
net1188,4
net1027,3.98
net377,3.88
net787,3.88
net828,3.88
net1109,3.88
net1007,3.78
net1380,3.76
_095_,3.68
_173_,3.68
net426,3.68
net677,3.68
net862,3.68
net1044,3.68
net1155,3.68
net657,3.66
net1395,3.66
net1429,3.66
net539,3.64
net554,3.64
_296_,3.56
net172,3.56
_067_,3.54
_100_,3.54
_219_,3.54
_230_,3.54
_280_,3.54
net97,3.54
net167,3.54
net434,3.54
net568,3.54
net649,3.54
net665,3.54
net748,3.54
net760,3.54
net1018,3.54
net1019,3.54
net1021,3.54
net1040,3.54
net1099,3.54
net1119,3.54
net1100,3.54
net1126,3.54
net1200,3.54
net1234,3.54
net1422,3.54
net474,3.505
net411,3.42
net744,3.345
net337,3.3
net1358,3.3
_116_,3.22
net323,3.22
net327,3.22
net344,3.22
net374,3.22
net384,3.22
net408,3.22
net422,3.22
net623,3.22
net656,3.22
net705,3.22
net772,3.22
net779,3.22
net782,3.22
net784,3.22
net834,3.22
net1038,3.22
net1047,3.22
net1069,3.22
net1097,3.22
net1137,3.22
net1144,3.22
net1164,3.22
net1042,3.22
net1065,3.22
net1084,3.22
net1086,3.22
net1101,3.22
net1174,3.22
net1176,3.22
net1182,3.22
net1218,3.22
net1224,3.22
net1230,3.22
net1233,3.22
net1237,3.22
net1304,3.22
net1305,3.22
net1343,3.22
net1345,3.22
net1346,3.22
net1386,3.22
net1387,3.22
_112_,3.18
net548,3.18
net572,3.18
net596,3.18
_086_,3.1
net876,3.1
_006_,3.08
_032_,3.08
_065_,3.08
_071_,3.08
_098_,3.08
_115_,3.08
_136_,3.08
net124,3.08
net340,3.08
net368,3.08
net388,3.08
net455,3.08
net547,3.08
net573,3.08
net597,3.08
net603,3.08
net651,3.08
net720,3.08
net879,3.08
net1001,3.08
net1104,3.08
net1171,3.08
net1193,3.08
net1308,3.08
net1312,3.08
net1364,3.08
net1402,3.08
net1406,3.08
net1407,3.08
_299_,2.96
net348,2.96
net356,2.96
net386,2.96
net428,2.96
net561,2.96
net1225,2.96
net1238,2.96
net510,2.955
net1096,2.84
net486,2.835
net352,2.76
net413,2.76
net673,2.76
net847,2.76
net980,2.76
net1029,2.76
net342,2.74
net533,2.72
net542,2.72
net545,2.72
net551,2.72
net563,2.72
net575,2.72
net581,2.72
net584,2.72
net605,2.72
net608,2.72
net611,2.72
net614,2.72
net1362,2.72
net1385,2.64
_128_,2.62
_133_,2.62
_144_,2.62
net171,2.62
net321,2.62
net330,2.62
net369,2.62
net379,2.62
net382,2.62
net407,2.62
net418,2.62
net453,2.62
net556,2.62
net583,2.62
net586,2.62
net591,2.62
net621,2.62
net624,2.62
net627,2.62
net630,2.62
net639,2.62
net686,2.62
net726,2.62
net959,2.62
net983,2.62
net989,2.62
net995,2.62
net1015,2.62
net1046,2.62
net1058,2.62
net1077,2.62
net1191,2.62
net1210,2.62
net1241,2.62
net1248,2.62
net1259,2.62
net1302,2.62
net1306,2.62
net1310,2.62
net738,2.595
_203_,2.59
net120,2.5
net123,2.5
net125,2.5
net376,2.5
net555,2.5
net675,2.5
net880,2.5
net940,2.5
net1186,2.5
net1313,2.5
net518,2.495
net928,2.39
net484,2.375
net516,2.375
net468,2.325
net502,2.325
_037_,2.3
_064_,2.3
_092_,2.3
_281_,2.3
net412,2.3
net1252,2.3
net736,2.18
_070_,2.16
_074_,2.16
_075_,2.16
_259_,2.16
_312_,2.16
net99,2.16
net119,2.16
net322,2.16
net339,2.16
net383,2.16
net420,2.16
net439,2.16
net458,2.16
net534,2.16
net541,2.16
net552,2.16
net613,2.16
net642,2.16
net664,2.16
net680,2.16
net683,2.16
net699,2.16
net783,2.16
net788,2.16
net825,2.16
net870,2.16
net925,2.16
net1012,2.16
net1022,2.16
net1078,2.16
net1111,2.16
net1118,2.16
net1201,2.16
net1217,2.16
net1221,2.16
net1274,2.16
net1303,2.16
net1307,2.16
net1375,2.16
net524,2.125
net514,2.08
_103_,2.04
_266_,2.04
net107,2.04
net114,2.04
net128,2.04
net132,2.04
net249,2.04
net620,2.04
net636,2.04
net652,2.04
net714,2.04
net860,2.04
net917,2.04
net921,2.04
net926,2.04
net932,2.04
net951,2.04
net967,2.04
net1079,2.04
net1105,2.04
net424,1.94
net490,1.865
net500,1.865
net504,1.865
net522,1.865
_178_,1.84
_278_,1.84
net361,1.84
net444,1.84
net445,1.84
net697,1.84
net898,1.84
net1030,1.84
net1112,1.84
net1035,1.84
net1053,1.84
net1207,1.84
net1223,1.84
net1371,1.84
net480,1.74
_052_,1.7
_062_,1.7
_066_,1.7
_080_,1.7
_085_,1.7
_125_,1.7
_126_,1.7
_131_,1.7
_151_,1.7
_169_,1.7
_232_,1.7
_257_,1.7
_302_,1.7
net105,1.7
net126,1.7
net130,1.7
net192,1.7
net312,1.7
net326,1.7
net329,1.7
net364,1.7
net366,1.7
net392,1.7
net393,1.7
net546,1.7
net553,1.7
net559,1.7
net565,1.7
net577,1.7
net589,1.7
net592,1.7
net598,1.7
net607,1.7
net610,1.7
net713,1.7
net793,1.7
net850,1.7
net874,1.7
net910,1.7
net948,1.7
net998,1.7
net1056,1.7
net1115,1.7
net1121,1.7
net1138,1.7
net1156,1.7
net1158,1.7
net1160,1.7
net1045,1.7
net1057,1.7
net1073,1.7
net1076,1.7
net1130,1.7
net1168,1.7
net1175,1.7
net1177,1.7
net1195,1.7
net1196,1.7
net1204,1.7
net1206,1.7
net1208,1.7
net1212,1.7
net1222,1.7
net1229,1.7
net1256,1.7
net1279,1.7
net1285,1.7
net1288,1.7
net1292,1.7
net1298,1.7
net1317,1.7
net1322,1.7
net1329,1.7
net1331,1.7
net1335,1.7
net1344,1.7
net1348,1.7
net1408,1.7
net470,1.575
net478,1.575
net488,1.575
net506,1.575
net508,1.575
net520,1.575
_252_,1.48
net1120,1.38
net1141,1.38
net1219,1.38
net1309,1.38
net984,1.36
net990,1.36
net655,1.15
_237_,1.14
net103,1.14
net104,1.14
net106,1.14
net108,1.14
net121,1.14
net122,1.14
net127,1.14
net129,1.14
net131,1.14
_068_,0.92
_069_,0.92
_073_,0.92
_076_,0.92
_078_,0.92
_079_,0.92
_083_,0.92
_084_,0.92
net451,0.92
net525,0.92
net666,0.92
net719,0.92
net761,0.92
net764,0.92
net1023,0.92
net1024,0.92
net1002,0.92
net1003,0.92
net1276,0.92
_202_,0.8
_047_,0.46
_053_,0.46
_101_,0.46
_118_,0.46
_138_,0.46
_141_,0.46
_317_,0.46
net350,0.46
net354,0.46
net402,0.46
net403,0.46
net404,0.46
net528,0.46
net540,0.46
net579,0.46
net633,0.46
net645,0.46
net661,0.46
net691,0.46
net702,0.46
net715,0.46
net721,0.46
net727,0.46
net733,0.46
net739,0.46
net745,0.46
net749,0.46
net770,0.46
net771,0.46
net780,0.46
net811,0.46
net884,0.46
net902,0.46
net906,0.46
net931,0.46
net999,0.46
net1031,0.46
net1142,0.46
net1150,0.46
net1036,0.46
net1037,0.46
net1052,0.46
net1066,0.46
net1067,0.46
net1068,0.46
net1072,0.46
net1074,0.46
net1093,0.46
net1103,0.46
net1125,0.46
net1166,0.46
net1169,0.46
net1170,0.46
net1173,0.46
net1178,0.46
net1183,0.46
net1184,0.46
net1187,0.46
net1189,0.46
net1198,0.46
net1214,0.46
net1277,0.46
net1278,0.46
net1280,0.46
net1281,0.46
net1283,0.46
net1284,0.46
net1290,0.46
net1294,0.46
net1300,0.46
net1324,0.46
net1333,0.46
net1334,0.46
net1391,0.46
net1396,0.46
net1397,0.46
